FIO:,Info:,Bio:,Image:,Link to page:
Ажибаев Чыңгыз Ильяскожоевич,"«Элдик» депутаттык тобу Конституциялык мыйзамдар, мамлекеттик түзүлүш, сот-укук маселелери жана Жогорку Кеңештин Регламенти боюнча комитети 0312 63-89-15 chyngyz.ajibaev@mail.ru","1991-жылдын 16-майында Баткен облусунун Лейлек районунун Исфана шаарында туулган.Жогорку билимдүү. 2014-жылы Ж.Баласагын атындагы Кыргыз улуттук университетинин Юридикалык факультетин “Юриспрудентция” адистиги боюнча аяктаган;2011-2013-жылдары Н.Исанов атындагы Кыргыз мамлекеттик курулуш, транспорт жана архитектура университетинин алдындагы ЖОЖдор аралык аскер кафедрасын бүтүргөн;2014-2017-жылдары Кыргыз Республикасынын Башкы прокуратурасынын коомдук жардамчысы;2017-2021-жылдары Бишкек гарнизонунун аскер прокуратурасында тергөөчү;2021-жылы №1 Лейлек шайлоо округу боюнча Кыргыз Республикасынын Жогорку Кеңешинин VII чакырылышынын депутаты болуп шайланган. Конституциялык мыйзамдар, мамлекеттик түзүлүш, сот-укуктук маселелер жана Жогорку Кеңештин Регламенти боюнча комитетинин торагасынын орун басары;Аскердик даражасы юстициянын ага лейтенанты;Үй-бүлөлүү, бир кыздын атасы.",https://kenesh.kg/uploads/deputies/403/images/1704699049253ажибаев.jpeg,https://kenesh.kg/deputies/403
Алтынбеков Айбек ,"«Мекенчил» депутаттык тобу Бюджет, экономикалык жана фискалдык саясат боюнча комитети
 0312 63 88 24 aaltynbekov03@gmail.com","1978-жылы 12-январда Жалал-Абад облусунун Базар-Коргон районунун Көктонду айылында туулган.Жогорку билимдүү. 2000-жылы «юрист» адистиги боюнча Ош мамлекеттик университетинин юридикалык факультетин бүтүргөн.2000-жылы Ош техникалык университетине караштуу аскердик кафедрасын аяктап, запастагы кичи лейтенант.2001-жылы Ош облусундагы «Жаркынай» жоопкерчилиги чектелген коомунда юрист-консультант; 2010-2011-жылдары «Жылдызбек» күзөт агенттигинин жетекчиси;2011-2015-жылдары «Золотой орех» жоопкерчилиги чектелген коомунун жетекчиси.2012-2015-жылдары Могол айыл округунун айылдык кеңешинин депутаты. 2014-жылы Базар-Коргон районунун «Ардактуу атуулу».2015-жылдан азыркы күнгө чейин Кыргыз Республикасынын Жогорку Кеңешинин VI чакырылышынын «Республика-Ата Журт» партиясынын депутаты.Грек-рим күрөшү боюнча спорттун чебери.Үй-бүлөлүү, төрт баланын атасы.",https://kenesh.kg/uploads/deputies/420/images/1704700198484айбек%20алтынбеков.jpeg,https://kenesh.kg/deputies/420
Атамбаев Сеидбек Алмазбекович,"№25 Аламүдүн шайлоо округу Отун-энергетикалык комплекс, жер казынасын пайдалануу жана өнөр жай саясаты боюнча комитети 0312 63 86 48 atambaevseid@gmail.com","1976-жылы 2-июлда туулган;1991-жылы Бишкек шаарындагы №67 мектепти аяктаган;1991-жылдан 1995-жылга чейин Бишкек архитектура-курулуш техникумунда окуп, бүтүргөн;1996-жылдан 1998-жылга чейин Кыргыз мамлекеттик курулуш, транспорт жана архитектура университетинде инженер-куруучу адистиги боюнча окуп, бүтүргөн;2006-жылдан 2008-жылга чейин Кыргыз Республикасынын Президентине караштуу Башкаруу академиясында «Бизнес менеджменти» адистиги боюнча окуган. Ошол эле жылы Invent программасы (Чакан жана орто бизнести өнүктүрүү боюнча Германия программасы) боюнча окуп, стажировкадан өткөн. Стажировка Германияда өттү;1999-жылдан 2000-жылга чейин учунчу разряддагы инженер-конструктор болгон;2000-жылдан 2001-жылга чейин экинчи разряддагы слесарь жана монтаждоо жумуштарында слесарь болуп иштеген;2002-жылдан 2003-жылга чейин «Асанда» ЖЧКда инженер-конструктор болуп иштеген;2003-жылдан 2004-жылга чейин «ОсОО Автомаш-Экол» кыргыз-түрк биргелешкен ишканасынын жарнама жана сатуу бөлүмүнүн башчысы болгон;2005-жылдан 2007-жылга чейин «Кыргызавтомаш» ишканасынын финансы-бухгалтердик бөлүмүндө финансылык аналитик болуп иштеген;2007-жылдан 2021-жылга чейин жеке ишкер, «Автомаш-Энерго» ЖЧКсынын тең негиздөөчүсү жана жетекчиси болгон;2004-жылдан 2010-жылга чейин КСДП саясий партиясынын мүчөсү болгон;2019-жылдын июнь айынан 2021-жылдын февраль айына чейин Социал-демократтар саясий партиясынын лидери болгон;2021-жылдын ноябрынан тарта Кыргыз Республикасынын Жогорку Кеңешинин депутаты;Үй-бүлөлүү, 2 уулу бар.",https://kenesh.kg/uploads/deputies/423/images/1704700318109атамбаев.jpeg,https://kenesh.kg/deputies/423
Бекешев Дастан Далабайевич,"№28 Октябрь шайлоо округу Бюджет, экономикалык жана фискалдык саясат боюнча комитети
 0312 63-85-76 bekeshev.dastan@gmail.com FacebookTwitter","1983-жылы 22-ноябрь айында Бишкек (Фрунзе) шаарында төрөлгөн. 6 жашында көрүүдөн ажыраган. Азиздер жана көзү начар көргөн балдар үчүн атайын мектеп-интернатында билим алган. Дастан Бекешевдин үч бир тууганы бар. Үй-бүлөлүү, бир кызы бар.“Юрист” кесипчилиги боюнча Борис Ельцин атындагы Кыргыз-орус славян университетин аяктаган соң, Дастан Бекешев эмгек ишмердүүлүгүн 2006-жылы Бишкек шаарынын  Биринчи май райондук салык башкармалагында баштаган. 2007-2010-жылдары Кыргыз Республикасынын  Экономика министирлигинде кызмат өтөгөн.2010-жылы “Ар-Намыс” саясий партиясынын мүчөлөгүнө кирип, тизме боюнча Жогорку Кеңештин депутаты болуп шайланган. 2014-жылы идеологиялык көз караштардан улам, “Ар-Намыс” партиясынын мүчөлүгүнөн чыгып, өзүнүн командасы менен “Ак-Ниет” партиясын негиздеген. 2015-жылы “Ак-Ниет” партиясынын лидерлигинен баш тартып, Кыргызстан социал-демократтар партиясынын тизмеси менен Жогорку Кеңешке шайланган.Дастан Бекешев – көптөгөн мыйзам доолборлордун демилгечиси, анын ичинде укук коргоо органдарынын, ошондой эле  күрөөканалар менен букмекерлик конторалардын ишмердүүлүгүнө катуу талаптарды коюу боюнча, тамеки продукцияларына болгон салык салуу, жол-кыймыл эрежелерин бузуу үчүн жоопкерчиликти күчөтүү, мамлекеттик жана муниципалдык органдарга жарандардын электрондук кайрылууларын кароо, шаар жана айылдардын башкы пландарын ачыкка чыгаруу, административдик укук бузуулар үчүн коомдук иштерди киргизүү тууралуу мыйзамдардын автору.Бекешевдин ишмердүүлүгүндө ден соолугунун мүмкүнчүлүгү чектелген адамдардын укугун коргоого өзгөчө көңүл бурулат. Майыптыгы бар адамдардын укугун таасирдүү түрдө коргоого багытталган бир катар мыйзам долбоорлор демилгеленип, алардын ичинен бир катары кабыл алынган. 2011-жылы Бекешевдин демилгеси менен парламент тарабынан “Телекөрсөтүү жана радиоуктуруу жөнүндө” Мыйзамга түзөтүүлөр кабыл алынган, ага ылайык мамлекеттик, муниципалдык жана коомдук телевизиондук каналдардын телевизиондук жаңылык көрсөтүүлөрү сурдологиялык котормо (жаңсоо тили) же субтитрлер менен коштолууга тийиш.Жогорку Кеңештин башка депутаттар менен биргеликте Бекешев “Билим берүү жөнүндө” Мыйзамына киргизилген түзөөтүүлөрдүн негизинде ден-соолугунун мүмкүнчүлүгү чектелген абитуриенттерге ЖОЖдорго тапшыруу үчүн квоталар каралган. Дастан Бекешевдин сунушу менен Президентти жана Жогорку Кеңештин депутаттарын шайлоо боюнча мыйзамга милдеттүү түрдө ар бир партиянын талапкерлер тизмесинде экиден кем эмес ден-соолугунун мүмкүнчүлүгү чектелген адамдардын талапкерлиги болушу керек жана анын бирөөсү сөзсүз түрдө биринчи элүү талапкердин тизмесинде болушу керек. Ошондой эле добуш берүү жайлары мүмкүнчүлүгү чектелген адамдар үчүн жеткиликтүү болушу абзел.Бекешевдин демилгеси менен “Ден-соолугунун мүмкүнчүлүгү чектелген адамдардын укуктары жөнүндө мыйзам тутумунун ченемдерин аткаруу тууралуу”  2011-жылы парламенттик токтом кабыл алынган. Тилекке каршы, майыптар үчүн иш ордуларын түзүү боюнча  атайын фонд уюштурууга багытталган мыйзам долбоору парламент тарабынан колдоого алынган эмес.Дастан Бекешевдин демилгеси менен майып адамдарды колдоо боюнча бир катар социалдык долбоор ишке ашырылууда:Кыргыз азиздер жана дүлөйлөр коомунун аймактык бөлүмдөрүн компьютер менен жабдуу;Добуш менен коштолгон сфетофорлорду Бишкектин жол кесилиштерине орнотуу;“Равные возможности” социалдык борборунун түзүлүшү, мында майып адамдарды компьютердик билимдүүлүккө, GPS-навигация  жана таяк менен жүрүүгө, жумушка орношууга  жардам көрсөтүлөт;Көзү боюнча жана угуусу боюнча майыптар үчүн көт квартиралуу үй курууга көмөктөшүү.Дастан Бекешев мамлекеттик органдардын ишмердүүлүгүндө тартип, ачык-айкындуулук жана отчеттуулук принциптери аныкталышы керек деп эсептейт. Бул максатта депутат мамлекеттик органдардын ишинде ачыктыкты камсыз кылуу үчүн  бир катар демилгелерди көтөргөн. Алсак, бул демилге аркылуу Кыргыз Республикасынын Өкмөтүнүн жыйындарын интернет түйүнүндө видеокөрсөтүүлөрү жайгаштырылган. Ошону менен бирге Бекешев, Жогорку соттун жана жергиликтүү соттордун чечимдеринин бирдиктүү базасын түзүү жөнүндө сунуш киргизген.Дастан Бекешев маал-мал менен YouTube интернет-сервисиндеги өздүк каналында парламенттин отурумдарынын видеолорун жана өзүнүн отчетторун жайгаштырып турат. Ошондой эле, Бекешев 2012-жылдан баштап Жогорку Кеңештин ишмердүүлүгү менен тааныштыруу максатында окуучулар жана студенттер үчүн атайын экскурсия уюштурулуп келүүдө.",https://kenesh.kg/uploads/deputies/426/images/1707899454363БЕКЕШЕВ%20ДАСТАН.jpg,https://kenesh.kg/deputies/426
Алиев Медербек Кубанычевич,«Ишеним» парламенттик фракциясы Социалдык саясат боюнча комитети,"1986-жылдын 29-октябрында туулган;Жогорку билимдүү. 2005-2010-жылдары Кыргыз-Россия Славян университетинин юридикалык факультетинде окуган;2007-2009-жылдары Кыргыз-Россия Славян университетинин алдындагы «Street law» юридикалык клиникасында, мектептеги жана медреседеги укук боюнча ыктыярчы-окутуучу болуп эмгектенген;2010-2011-жылдары Бишкек шаардык жана Чүй облустук адвокаттар коллегиясында адвокаттын жардамчысы болуп иштеген;2011-2012-жылдары Кыргыз Республикасынын Жогорку Кеңешинин депутатынын жардамчысы болгон;2014-2016-жылдары Кыргыз Республикасынын Экономика министрлигине караштуу Инвестицияларды илгерилетүү агенттигинде Инвесторлорду колдоо башкармалыгынын башчысы;2016-2017-жылдары Кыргыз Республикасынын Инвестицияларды илгерилетүү мамлекеттик агенттигинде Инвесторлорду колдоо жана укуктук камсыздоо башкармалыгынын башчысы;2019-2020-жылдары Бишкек шаарынын мэриясына караштуу Шаарды өнүктүрүү агенттигинин директору;2020-2020-жылдары Бишкек шаарынын мэриясынын алдындагы Экономика жана инвестициялар департаментинин директору;2018-жылдан “Ата-Түрк Ала-Тоо” эл аралык университетинин юридикалык факультеттинде сырттан окутуучусу болуп иштеп келген;2021-жылы “Ишеним” саясий партиясынын тизмеси боюнча VII чакырылыштагы Кыргыз Республикасынын Жогорку Кеңешинин депутаты болуп шайланган;2017-жылы Россия Федерациясынын Президентине караштуу Россиянын Эл чарба жана мамлекеттик башкаруу академиясынын эксперттик-аналитикалык борборунун маалыматы боюнча, ЕАЭБ өлкөлөрүнүн 60 жаш лидерлеринин тизмесине кирген.",https://kenesh.kg/uploads/deputies/417/images/1704700101007180822153013_Медер%20Алиев.jpg,https://kenesh.kg/deputies/417
Абакиров  Эльдар Курманбекович,«Альянс» парламенттик фракциясы,"1981-жылы 14-апрелде Ысык-Көл облусунун Каракол шаарында туулган.Билими жогорку:1998-2002-жж. – Аль-Фараби атындагы Казак улуттук университети, математика факультети, «нейрон желеси жана маалыматтык коопсуздук» адистиги;2002-2004-жж. –  Аль-Фараби атындагы Казак улуттук университетинде «нейрон желеси жана маалыматтык коопсуздук» адистиги боюнча магистрлик даражасы ыйгарылган. 2006-жыл –  Аль-Фараби атындагы Казак улуттук университетинин механика-математика факультетинин аспирантура даражасына ээ болгон. 2002-2004-жж. – Каракол шаарындагы Кыргыз мамлекеттик юридикалык академиясы, «Каржы жана насыя» адистиги боюнча сырттан артыкчылык менен аяктаган. Эмгек ишмердүүлүгү: 2002-2003-жж. – «Казакстан темир жолу» желеси үчүн программалык камсыздоону иштеп чыгуу жана ишке киргизүүгө катышкан.2003-2010-жж. – Казакстандагы БорборНасыя (ЦентрКредит) банкында иштеп, эмгек жолун ресурстарды башкаруу борборунун адисинен баштап, кийин Казыначылыктын директорунун орун басары кызматына чейин көтөрүлгөн.2008-жылы – Англияда квалификациясын жогорулаткан.2010-2011-жж. – Кыргыз Республикасынын улуттук банкынын банктарды көзөмөлдөө Башкармалыгынын алдында серепчи (эксперт) болуп иштеген. 2010-жылдан бери Кыргызстандын Жаш ишкерлер ассоциациясынын текшерүү комиссиясынын мүчөсү. 2011-2016-жж. – Финансы боюнча мугалим, «Ала-Тоо» университети.2007-жылдан тартып Кыргызстанда ишкерлик менен алектенип келет.2016-2019-жж. – КРнын экономика министринин орун басары кызматын аркалаган.2015-2016-жж. – КРнын Соода-өнөр-жай палатасынын директорлор кеңешинин мүчөсү, коомдук-саясий ишмердүүлүк менен активдүү алектенип, аймактардагы билим берүүнү өнүктүрүүгө багытталган «Адилеттүү Келечек» коомдук фондун түптөгөн. 2022-2024-жж. – Кыргыз Республикасынын «Билим берүү жөнүндө» мыйзамы боюнча жумушчу топтун мүчөсү, 2024-2027-жылдарга карата Кыргызстандын экспорт потенциалын өнүктүрүү программасын жазган топтун жетекчиси. 2024-жылдын февраль айынан тарта – «Альянс» саясий партиясынын тизмеси боюнча Кыргыз Республикасынын Жогорку Кеңешинин VII чакырылышынын депутаты.Үй-бүлөлүү, 4 баланын атасы.",https://kenesh.kg/uploads/deputies/552/images/1707298465162WhatsApp%20Image%202024-02-07%20at%2015.27.17.jpeg,https://kenesh.kg/deputies/552
Айдарова Айгүл Абдисаламовна,«Бүтүн Кыргызстан» парламенттик фракциясы Социалдык саясат боюнча комитети,1989-жылы 15-мартта Бишкек шаарында төрөлгөн.Жогорку билимдүү. 2012-жылы Кыргыз Республикасынын Ички иштер министрлигинин Академиясын юрист адистиги боюнча аяктаган. 2021-жылы Кыргыз мамлекеттик юридикалык академиясын экономист адистиги боюнча бүтүргөн.Эмгек жолун 2012-жылы Токмок шаарынын ички иштер бөлүмүнүн тергөөчүсү болуп иштөө менен баштаган.2013-2014 - Чүй облусунун Аламүдүн районунун ички иштер бөлүмүнүн тергөөчүсү.2016-2017 - «Аалем-Кызматлери» ЖЧКсында котормочу.2018-2021-жылдары - Чүй облусунун Аламүдүн районунун ички иштер бөлүмүнүн тергөөчүсү.2021-жылы “Бүтүн Кыргызстан” саясий партиясынан VII чакырылыштагы Кыргыз Республикасынын Жогорку Кеңешинин депутаты болуп шайланган.,https://kenesh.kg/uploads/deputies/406/images/1704699121598айдарова%20айгуль.jpeg,https://kenesh.kg/deputies/406
Джусупов Эмилбек Рамидинович,«Ишеним» парламенттик фракциясы Социалдык саясат боюнча комитети,"1991-жылдын 21-апрелинде Ош облусунун Ноокат районуна караштуу Кожо-Арык айылында туулган;Жогорку билимдүү. 2008 – жылы Ош Мамлекеттик Юридикалык институтунун (ОшМЮИ) «Укук жана башкаруу» факультетине тапшырган;2014-2015 жылдары – «Дастан Курулуш» ЖЧКсында участоктун башчысы;2015-жылдын июнь айынан ноябрь айына чейин «Дастан Курулуш» ЖЧКнын техникалык директору;2015-2016-жылдары – «Дастан Курулуш» ЖЧКнын башкы директору;2016-2017-жылдары – Уюмдаштыруучу, «Тагай Ата» ЖЧКнын башкы директору;2017-2018-жылдары – «Эмаком» ЖЧКнын башкы директору;2018-2021-жылдары  – «Эмаком Холдинг» холдингинин президенти;2021-жылы ""Ишеним"" саясий партиясынын тизмеси менен VII чакырылыштагы Кыргыз Республикасынын Жогорку Кеңешинин депутаты болуп шайланган;Үй-бүлөлүү, үч баланын атасы.",https://kenesh.kg/uploads/deputies/429/images/1704700577386190822110058_Джусупов%20Эмилбек.jpg,https://kenesh.kg/deputies/429
Атажанов Ырысбек Ысламович,"«Мекенчил» депутаттык тобу Эл аралык иштер, коргоо, коопсуздук жана миграция боюнча комитети 0312 63 92 81 yatajanovjk@mail.ru","1974-жылдын 27-ноябрында Баткен областынын Кадамжай районунун Айдаркен шаарында туулган;Жогорку билимдүү;1997-жылы Кыргыз мамлекеттик курулуш, транспорт жана архитектура университетине тапшырган;2006-2008-жылдары Кыргыз Республикасынын ички иштер министрлигинде иштеген;2009-2020-жылдары жеке ишкер;2021-жылы №3 Кадамжай шайлоо округунан VII чакырылыштагы Жогорку Кеңештин депутаты болуп шайланган;Үй бүлөлүү, төрт баланын атасы.",https://kenesh.kg/uploads/deputies/421/images/1707899699526АТАЖАНОВ.jpg,https://kenesh.kg/deputies/421
Азыгалиев Нурланбек Асанбекович,"«Элдик» депутаттык тобу Конституциялык мыйзамдар, мамлекеттик түзүлүш, сот-укук маселелери жана Жогорку Кеңештин Регламенти боюнча комитети 0312 63-89-25","1970-жылы Фрунзе шаарында туулган;Билими жогорку. 1989–жылы Фрунзе атындагы совхоз- техникумунун “зоотехник” адистиги боюнча бөлүмү, 1998-жылы Түркиядагы Эге университетин, “айыл чарба” факультетин, 2004-жылы Ж. Баласагын атындагы Кыргыз улуттук университетинин юридикалык факультетин бүтүргөн;Эмгек жолун 1989-жылы Панфилов районунда совхоз “Тельман”да жумушчу катары баштаган; 2000-2011-жылдары ""Дискавери"" туристтик жана логистикалык компаниясынын негиздөөчүсү, башкы директору; 2011-2012-жылдары ""Атриум холдинг"" компаниянын башкы директорунун орун басары.2013-2021-жылдары «Анилия» ЖЧКсынын башкы директору.2019-жылдан баштап 2021-жылдын декабрь айына чейин Кыргыз-Түрк Соода-өнөр жай палаталарынын форумунун төрагасы, 2019-жылдан баштап 2021-жылдын декабрь айына чейин Түрк Соода-өнөр жай палатасынын Президиумунун мүчөсү, андан сырткары, 2019-жылдан баштап Кыргыз Республикасынын “Эр эңиш” федерациясынын Президенти.2021-жылдын 28-ноябрындагы шайлоодо Кыргыз Республикасынын Жогорку Кеңешинин VII чакырылышына №22 Жайыл бир мандаттуу  шайлоо округунан депутат болуп шайланды.2022-жылдын 10-октябрында Кыргыз Республикасынын Жогорку Кеңешинин Төрагасынын орун басары болуп шайландыҮй бүлөлүү, үч баланын атасы.",https://kenesh.kg/uploads/deputies/402/images/1706761508961АЗЫГАЛИЕВ.jpg,https://kenesh.kg/deputies/402
Ашимова Динара Ашимовна,"«Ыйман Нуру» парламенттик фракциясы Укук тартиби, кылмыштуулук менен күрөшүү жана коррупцияга каршы аракеттенүү боюнча комитети
 0312 63-87-33","1973-жылы 3-февралда Ош облусунун Алай районунда туулган;Эки жогорку жана бир академиялык билими бар;1995-жылы КМУнун юридикалык факультетин, 2008-жылы Кыргыз Республикасынын Президентине караштуу Мамлекеттик башкаруу академиясынын ""Мамлекеттик башкаруу"" факультетин бүтүргөн;2010-жылы АУПКнын аспирантурасын аяктаган;1997-2015-жылдары Жалал-Абад, Ош, Чүй облустарынын прокуратураларында, ошондой эле Башкы прокуратурада иштеп, Биринчи май жана Ленин райондорунун прокурорунун жардамчысы болгон;2015-жылдан 2021-жылына чейин ""Глобал консалтинг"" юридикалык компаниясынын жетекчиси болуп эмгектенген;2011-жылдан тартып Кыргыз улуттук ат оюндары федерациясынын президенти;Үч баланын энеси.2021 жылы “Ыйман Нуру” саясий партиясынын тизмеси боюнча VII чакырылыштагы Кыргыз Республикасынын Жогорку Кенешинин депутаты болуп шайланган. Жогорку Кенештин социалдык саясат боюнча комитетинин мүчөсү;",https://kenesh.kg/uploads/deputies/424/images/1704700364868динара.jpg,https://kenesh.kg/deputies/424
Алимбеков Нурбек Каарыевич,"«Мекенчил» депутаттык тобу Агрардык саясат, суу ресурстары, экология жана регионалдык өнүктүрүү боюнча комитети 0312 63-91-46 alim.nur@mail.ru","Ош обулустуна караштуу Кара-Суу районундагы Папан айылында 1975-жылдын 13-мартында туулган. Улуту кыргыз, үй-бүлөлүү, 5 баланын атасы. Жогорку билимдүү.1997-жылы Ош технологиялык университетинин «инженер-технолог» адистигин аяктаган.Ошондой эле, 2000-жылы Ош технологиялык университетинин юридикалык факультетин, 2007-жылы Кыргыз мамлекеттик улуттук университетинин «финансы-кредит» адистигин, 2012-жылы Кыргыз Республикасынын Президентине караштуу башкаруу академиясын бүтүргөн. Эмгек жолун:2003-жылы жеке ишкерликтен баштаган;2005-2006-жылдары Кыргыз Республикасынын Каржы министрлигинде жетектөөчү адис болуп иштеген;2008-2010-жылдары жоопкерчилиги чектелген «Папан Курулуш» ишканасынын директору болуп эмгектенген;2008-2010-жылдар арасында  Бишкек шаардык кеңешинин депутаты, Свердлов райондук аймактык депутаттык топтун жетекчиси болгон;2010-жылы «Республика» партиясынын тизмеси менен V чакырылыштагы Кыргыз Республикасынын Жогорку Кеңешинин депутаты болуп шайланган. Жогорку Кеӊештин Транспорт, коммуникациялар, архитектура жана курулуш боюнча комитетинин төрагасынын орун басары болгон;2015-жылдын 4-октябрында “Кыргызстан” саясий партиясынан VI чакырылыштагы Кыргыз Республикасынын Жогорку Кеңешинин депутаты болуп шайланган;2015-жылдын 6-ноябрында Кыргыз Республикасынын Жогорку Кеңешинин Төрагасынын орун басары кызмат ордуна шайланган;2019-жылдын 29-майынан тартып Кыргыз Республикасынын Жогорку Кеңешинин Агрардык саясат, суу ресурстары, экология жана регионалдык өнүктүрүү боюнча комитетинин төрагасы.2021-жылдын ноябрь айында №8 Төлөйкөн бир мандаттуу шайлоо округу      боюнча Кыргыз Республикасынын Жогорку Кеңешинин VII чакырылыштагы депутаты болуп шайланган.2022-жылдын 27-декабрында Кыргыз Республикасынын Жогорку Кеңешинин Агрардык саясат, суу ресурстары, экология жана регионалдык өнүктүрүү боюнча комитетинин төрагасынын орун басары болуп шайланган.Ошондой эле, Нурбек Алимбековдун эмгеги жогору бааланып, бир катар мамлекеттик сыйлыктар менен сыйланган. Ал Кыргыз Республикасынын мамлекеттик кызматынын 2-класстагы мамлекеттик кеңешчиси. ",https://kenesh.kg/uploads/deputies/418/images/1704699830664нурбек%20алимбаев.jpg,https://kenesh.kg/deputies/418
Абдалиев Мейкинбек Акимович,"«Ата-Журт Кыргызстан» парламенттик фракциясы Конституциялык мыйзамдар, мамлекеттик түзүлүш, сот-укук маселелери жана Жогорку Кеңештин Регламенти боюнча комитети 0312 63-88-29 a.meykinbek@mail.ru InstagramFacebook","1976-жылы 11-февралда Жалал-Абад облусунун Ноокен районундагы Масы айылында туулган;Жогорку билимдүү.Үй-бүлөлүү, эки уул, үч кыздын атасы. Билими:1998-2003-жылдары Жалал-Абад коммерциялык институтунун «Экономика жана бизнес» факультетин аяктаган; Эмгек тажрыйбасы:1999-2000-жылдары Ноокен райондук салык инспекциясында тышкы салыктык кѳзѳмѳл бѳлүмүндѳ инспектору;2000-2005-жылдары Ноокен районундагы «Айкыз» кредиттик союзунда башкы бухгалтер;2005-2006-жылдары «Токтомурад» дыйкан чарбасында тѳрага;2006-2013-жылдары Кыргыз Республикасынын коомчулукту өнүктүрүү жана инвестициялоо Агенттигинин (АРИС) Майлуу-Суу, Таш-Кѳмүр шаарлары жана Ноокен району боюнча эксперти;2013-2015-жылдары Кыргыз Республикасынын коомчулукту өнүктүрүү жана инвестициялоо Агенттигинин (АРИС) Түштүк аймактык ѳкүлчүлүгүнүн координатору;2004-2005-жылдары Ноокен райондук жана Масы айылдык кеңештеринде депутат, айыл чарба, ѳнѳр жай жана транспорт, телекоммуникация боюнча туруктуу комиссиясында мүчѳсү;2008-2012-жылдары Масы айылдык кеңешинде депутат, «Бюджет жана экономика» комиссиясынын тѳрагасы;2012-2016-жылдары Масы айылдык кеңешинин депутаты, айылдык кеңештин тѳрагасынын орун басары;2021-жылы Кыргыз Республикасынын Жогорку Кеңешинин VI чакырылышынын депутаты;2021 – жылы Кыргыз Республикасынын Жогорку Кеңешинин VII чакырылышынын депутаты;",https://kenesh.kg/uploads/deputies/352/images/1707900770303АБДАЛИЕВ.jpg,https://kenesh.kg/deputies/352
Жакышов Русланбек Шергазиевич,"«Ишеним» парламенттик фракциясы Укук тартиби, кылмыштуулук менен күрөшүү жана коррупцияга каршы аракеттенүү боюнча комитети
 0312 63-91-79","1974-жылы 19-мартта Талас областына караштуу Бакай-Ата районунун Таш-Кудук айылында туулган. Жогорку билимдүү;2007-жылы И. Раззаков атындагы Кыргыз Мамлекеттик техникалык университетине тапшырып, 2013-жылы инженер-механик адистигин алып ийгиликтүү аяктаган;2016-жылы Жусуп Баласагын атындагы Кыргыз улуттук университетинин «Юриспруденция» бөлүмүн аяктаган;1993-1994-жылдары Кыргыз Республикасынын Армиясында жоокердик милдетин аткарган;2005-2010-жылдары ОАО «Ак-Жолтой» мекемесинде иштеген;2010-2011- жылдары Бишкек шаардык мэриясына караштуу транспорт башкармалыгынын КТП бөлүмүнүн жетектөөчү адиси болуп иштеген;2011-2013-жылдары ЖЧК «АИИД-Сервис» фирмасында директордун орун басары болуп эмгектенген;2013-2015-жылдары Бишкек шаарынын мэриясынын Ленин районуна караштуу Муниципалдык аймактык башкармалыгынын башчысынын орун басары болуп иштеген;2016-2017-жылдары Бишкек шаардык кеңешинин XXVI-чакырылышынын депутаты болуп эмгектенди;2017-2021-жылдары Бишкек шаардык кеңешинин XXVII-чакырылышынын депутаты, 2018-жылдан баштап Бишкек шаардык кеңешинин төрагасынын орун басары болуп шайланган;2021-жылы «Ишеним» партиясынын тизмеси менен VII чакырылыштагы Кыргыз Республикасынын Жогорку Кеңешинин депутаты болуп шайланды;Үй бүлөлүү, үч кыз, бир уулдун атасы.",https://kenesh.kg/uploads/deputies/430/images/1704700612506170822151008_фото%20Жакышов%203176.jpg,https://kenesh.kg/deputies/430
Айжигитов Султанбай Абдрашитович,"«Ыйман Нуру» парламенттик фракциясы Бюджет, экономикалык жана фискалдык саясат боюнча комитети
","1958-жылдын 27-майында Ош областынын Жаңы-Ноокат районунун Караван айылында туулган;1975-жылы Баткен шаарындагы Жоомарт Бөкөнбаев атындагы орто мектепти аяктаган. Билими жогору: 1983-жылы Рига Кызыл Туу ордендүү жарандык авиациялык инженерлердин Ленин комсомол атындагы институтунун учуучу аппараттарды жана авиакыймылдаткычтарды эксплуатациялоо боюнча инженер-механик квалификациясына ээ болгон;   1988-жылы Киев шаарында СССРдин МККнын (КГБ) жогорку курсун бүтүргөн; 2002-жылы Кыргыз мамлекеттик Улуттук университетинин ""Финансы жана кредит"" адистигине ээ болгон. Класстык чени: Кыргыз Республикасынын мамлекеттик кызматынын экинчи класстагы мамлекеттик кеңешчиси (2005-ж.) Эмгек жолу: 1983-1987-жылдары – Манас аэропортуна караштуу Фрунзе биргелешкен авиаотрядынын Авиа техникалык базасында инженер;1987-1993-жылдары – Кыргыз Республикасынын Улуттук коопсуздук мамлекеттик комитетинде оперативдик кызматкер, ага оперативдик кызматкер жана бөлүмдүн башчысы;1993-1994-жылдары – «Кыргызстан аба жолдору» Улуттук авиакомпаниясынын Президентинин жардамчысы, авиациялык коопсуздук болумунун башчысы;1995-1997-жылдары – «Кыргыз Жер» акционердик коммерциялык банкынын төрагасынын кеңешчиси;1997-1998-жылдары – «Кыргызстан аба жолдору» Улуттук авикомпаниясынын Президентинин жардамчысы;21.03.2000-2.10.2000-жылдары – Баткен облустук мамлекеттик администрациясынын башчысы-губернатордун кеңешчиси, пресс-катчысы;2000-2001-жылдары – Баткен облустук мамлекеттик администрациясынын аппаратынын өнөр жай, курулуш жана коммуникация бөлүмүнүн башчысы;2001-2004-жылдары – «Баткен» авиаишканасынын генералдык директору;2004-2004-жылдары – Баткен облустук суу чарба башкармалыгынын начальнигинин финансы-экономикалык маселелер боюнча орун басары;2005-2008-жылдары – Баткен облустук мамлекеттик администрациясынын башчысы-губернатор;2008-2010-жылдары–Кыргыз Республикасынын Президентинин кеңешчиси;2010-2010-жылдары – Баткен облусунун мамлекеттик администрациясынын башчысы-губернатордун орун басары;2010-2011-жылдары – Баткен облустук мамлекеттик администрациясынын башчысы-губернатор;2011-жылдын январь айынан 2011-жылдын ноябрь айына чейин –Кыргыз Республикасынын Президентинин кеңешчиси;2021-жылы ""Ыйман Нуру"" саясий партиясынын тизмеси мененVII чакырылыштагы Жогорку Кеңештин депутаты болуп шайланган.Бир катар медалдардын жана башка сыйлыктардын ээси.Үй бүлөлүү, 5 баланын атасы.",https://kenesh.kg/uploads/deputies/407/images/1706761381786АЙЖИГИТОВ.jpg,https://kenesh.kg/deputies/407
Исаева Джамиля Кубанычбековна,"«Ата-Журт Кыргызстан» парламенттик фракциясы Конституциялык мыйзамдар, мамлекеттик түзүлүш, сот-укук маселелери жана Жогорку Кеңештин Регламенти боюнча комитети 0312 63-85 -40","1977-жылдын 19-июлунда Талас облусунун Киров районунун Киров айылында төрөлгөн;1995-жылы Кыргыз мамлекеттик улуттук университетинин Финансы жана кредит факультетине ташырып, 2000-жылы  аталган университетти ийгиликтүү аяктап “Банк иши” адистигине ээ болгом. 2013-жылы Ж.Баласагын атындагы Кыргыз улуттук университетинин юриспруденция факультетин бүтүрүп, “юриспруденция” адистиги боюнча “юрист” квалификациясы ыйгарылган;1998-2005-жылдары “Тынай-Ата” КБда башкы бухгалтер жана кадрлар боюнча адис;2005-2009-жылдары “Кыргызгаз” Ачык акционердик коомунун Бишкек шаардык газ чарба башкармалыгында бухгалтер;2009-2011-жылдары “Азия Универсал Банк” Ачык акционердик коомунда бөлүмдүн адиси, жетектөөчү адиси, башкы бухгалтер;2011-жылы “Финанс Кредит Банк КАБ” Ачык акционердик коомунда Бухгалтердик эсеп жана отчеттуулук бөлүмүнүн башкы адис;2011-2014-жылдары  “Азия Транс Инвест” Жоопкерчилиги чектелген коомунда башкы бухгалтер;2014-2019-жылдары Кыргыз Республикасынын Өкмөтүнүн Соттук өкүлчүлүк борборунда эксперт;2019-2021-жылдын ноябрь айына чейин Кыргыз Республикасынын Өкмөтүнүн Соттук өкүлчүлүк борборунда директордун орун басары;2021-жылдын ноябрь айынан тартып Кыргыз Республикасынын Жогорку Кенешинин VII-чакырылышынын депутаты.Беш баланын энеси.",https://kenesh.kg/uploads/deputies/433/images/1704700756544170822152832_Исаева-Джамиля-фото.jpg,https://kenesh.kg/deputies/433
Бакасов Улан Болотбекович,"«Мекенчил» депутаттык тобу Эл аралык иштер, коргоо, коопсуздук жана миграция боюнча комитети 0312 63 91 83 urmatderbishev@mail.ru","1984-жылдын 13-июлунда Нарын облусунда туулган;2007-жылы Джалал-Абад мамлекеттик университетин инженердик факультетин аяктаган;2012-жылы Кыргыз Мамлекеттик юридикалык академиясын «Юриспруденция» адистиги боюнча аяктаган;2004-2021 жылдары жеке ишкерлик менен алектенген;2021-жылы Нарын шайлоо округу боюнча 7 чакырылыштагы Жогорку Кенештин депутаты болуп шайланган;Үй-бүлөлүү, 7 баланын атасы. ",https://kenesh.kg/uploads/deputies/425/images/1704700416471бакасов.jpg,https://kenesh.kg/deputies/425
Айдарбеков Чингиз Азаматович,"«Альянс» парламенттик фракциясы Эл аралык иштер, коргоо, коопсуздук жана миграция боюнча комитети 0312 63-86-39 ch.aidarbekov@gmail.com Facebook","1977-жылы 27-октябрьда Бишкек шаарында туулган Билими: жогорку1998-ж. - Кыргызстан Эл аралык Университети, “Эл аралык мамилелер” адистиги2001-ж. - Кыргызстан Эл аралык Университети, “Юриспруденция” адистигинин магистри2017-ж. – Б.Н. Ельцин атындагы Кыргыз-Орус Славян университети, аспирантура Эмгек ишмердүүлүгү:1998-2005-жылдары - Кыргыз Республикасынын Тышкы иштер министрлиги, КМШ Башкы дирекциясы, атташе, үчүнчү катчы, экинчи катчы, биринчи катчы;2005-2008-жылдары - Кыргыз Республикасынын Өзбекстан Республикасындагы элчилиги, биринчи катчы; Кыргыз Республикасынын Өзбекстан Республикасындагы убактылуу ишенимдүү өкүлү;2008-2008-жылдары - Кыргыз Республикасынын Тышкы иштер министрлигинин КМШ департаментинин Көп тараптуу кызматташуу департаменти, башчы;2008–2010-жылдары - Кыргыз Республикасынын Түркмөнстандагы элчилиги, кеңешчи;01.2011-04.2011-жылдары - Кыргыз Республикасынын Президентинин Аппаратынын тышкы байланыштар жана протокол бөлүмү, эксперт;04.2011-12.2011-жылдары - Кыргыз Республикасынын Президентинин Аппаратынын тышкы байланыштар жана протокол бөлүмү, жетекчинин орун басары;2012–2016-жылдары - Кыргыз Республикасынын Жогорку Кеңешинин Аппаратынын эл аралык мамилелер жана протокол бөлүмү, башчы;04.2016-10.2018-жылдары - Кыргыз Республикасынын Жапониядагы Атайын жана Ыйгарым укуктуу элчиси;2018-жылдын 17-октябры – 2020-жылдын 14-октябры - Кыргыз Республикасынын Тышкы иштер министри; 2021-ж. декабрь айы - ""Альянс"" саясий партиясынын тизмеси боюнча Кыргыз Республикасынын Жогорку Кеңешинин депутаты;2022-ж. февраль айы - ТӨМдөрдү ишке ашыруу боюнча Жогорку Кеңештин жумушчу тобунун төрагасы (30 депутат)2022-ж. март айы -  Кыргыз Республикасынын Жогорку Кеңешинин Эл аралык иштер, коргоо коопсуздук жана миграция боюнча Комитеттин төрагасы; Дипломатиялык ранг: ""Кыргыз Республикасынын Атайын жана Ыйгарым укуктуу элчиси""Класстык чени: Мамлекеттик кызмат боюнча 3-класстагы мамлекеттик кеңешчи;Үй-бүлөлүк абалы: үй-бүлөлүү, төрт баланын атасы",https://kenesh.kg/uploads/deputies/405/images/1704699291467060922105753_Чингиз%20Айдарбеков%20001%20(1).jpg,https://kenesh.kg/deputies/405
Атазов Шайлообек Карыбекович,"«Ата-Журт Кыргызстан» парламенттик фракциясы Укук тартиби, кылмыштуулук менен күрөшүү жана коррупцияга каршы аракеттенүү боюнча комитети
 0312 63-85-10 InstagramFacebook","1979-жылы 28-июнда Ош облусунун Кара-Суу районундагы Учар айылында туулган.Жогорку билимдүү.Үй-бүлөлүү, 3 баланын атасы. Билими:1996-2001-жылдары Ош технологиялык университетинин ""Юриспруденция"" факультети;2014-2017-жылдары Ош мамлекеттик университетинин ""Финансы жана кредит"" факультети; Эмгек тажрыйбасы:2007-2010-жылдары Спорт комитетине караштуу Ош шаарындагы №2 балдар жана өспүрүмдөр спорт мектебинин директору;2010-2011-жылдары Бокс жана оор атлетика боюнча мектебинин директору;2012-2013-жылдары Ош шаарынын мэриясына караштуу ""Ош-Тазалык"" муниципалдык ишканасынын башчысы;2013-2014-жылдары Жүргүнчү транспорту агенттигинин директору;2010-2015-жылдары Ош шаардык кеңешинин депутаты;2018-2021-жылдары Бишкек шаарынын ""EREM"" спорт клубунун башкы машыктыруучусу;2021-жылы Кыргыз Республикасынын Жогорку Кеңешинин VI чакырылышынын депутаты;2021-жылдын №29 Свердлов шайлоо округунан Кыргыз Республикасынын Жогорку Кеңешинин VII чакырылышынын депутаты болуп шайланган;",https://kenesh.kg/uploads/deputies/422/images/1704700259470атазов.jpg,https://kenesh.kg/deputies/422
Алимжанова  Нилуфар  Якубжановна,"«Альянс» парламенттик фракциясы Агрардык саясат, суу ресурстары, экология жана регионалдык өнүктүрүү боюнча комитети 0312 63-92-16 nilufaralimzhanova22@gmail.com","1991-жылы 16-июнда Ош облусунун Ноокат районунда туулган.Жогорку билимдүү.2013-жылы Б.Н.Ельцин атындагы Кыргыз-Россия Славян университетин ""Финансы жана кредит"" адистиги боюнча аяктаган;2018-жылы КР ТИМинин алдындагы К.Дикамбаев атындагы Дипломатиялык академиясынын Эл аралык иштер факультетин бүтүргөн;Эмгек жолун 2016-жылы баштап, КР Улуттук статистика комитетинин башкы экономисти болуп иштеген;2018-жылы Коомчулукту өнүктүрүү жана инвестициялоо агенттигинде эмгектенген;2021-жылы ""Альянс"" саясий партиясынын тизмеси боюнча Кыргыз Республикасынын Жогорку Кеңешинин VII чакырылышынын депутаты болуп шайланган;Үй-бүлөлүү, эки баланын энеси.",https://kenesh.kg/uploads/deputies/419/images/1704700150955060922105847_Нилуфар%20Алимжанова%20001%20(1).jpg,https://kenesh.kg/deputies/419
Абдибаева Айсаракан Нышановна,"«Ишеним» парламенттик фракциясы Бюджет, экономикалык жана фискалдык саясат боюнча комитети
 0312 63-90-90","1965-жылы 13-августта Аксы районуна караштуу Кош-Дөбө айылында туулган;Жогорку билимдүү. 1992-жылы Кыргыз Мамлекеттик Университеттин экономика факультетин бүтүргөн;1982-жылы Жаны-Жол РК ЛКСМ сектор башчысы;1984-жылдан 1989-жылга чейин Караван РАЙПОсунун складында кладовщик;1989-жылдан 1994-жылга чейин, Жаңы-Жол автотранспорттук ишканасында кассир, башкы экономист;1995-жылы Кыргыз Мамлекеттик мүлк фондунун борбордук бухгалтериясында башкы адис;1995-жылдан 1997-жылга чейин АКБ Кыргызстан Банкынын Таш-Көмүр шаарындагы филиалында башкы адис;1999-жылдан 2000-жылга чейин АООТ РСК Каныш-Кыя филиалына башкы экономист, кийинчерээк филиалдын директорунун м.а.;2006-жылы ОАО Кыргыз Пром Строй Банкынын Ала-Бука аманат кассасынын жетекчиси;2008-жылдан 2010-жылга чейин ОАО РК Аман Банктын аманат кассасынын жетекчиси;2021-жылдын ноябрь айында “Ишеним” партиясынын тизмеси менен Кыргыз Республикасынын Жогорку Кеңешинин VII чакырылышына депутат болуп шайланган;Үй-бүлөлүү, төрт баланын энеси.",https://kenesh.kg/uploads/deputies/404/images/1704699078127aisarakan.jpeg,https://kenesh.kg/deputies/404
Икрамов Тазабек Икрамович,"«Элдик» депутаттык тобу Транспорт, коммуникациялар, архитектура жана курулуш боюнча комитети
 0312 63-89-37 ikramov_777@bk.ru Facebook","1974- жылы 16-октябрда Жалал-Абад облусунун Сузак районуна караштуу  Кызыл – Сеңир айылында туулган.Жогорку билимдүү.1996-жылы Кыргыз Мамлекеттик дене тарбия жана спорт академиясын ""окутуучу-машыктыруучу"" адистиги боюнча аяктаган;2010-жылы ""Юриспруденция"" адистиги боюнча Кыргыз Республикасынын Өкмөтүнө караштуу Кыргыз Мамлекеттик Юридикалык академиясынын бүтүргөн;2019-жылы Кыргыз Республикасынын Тышкы иштер министрлигинин К.Дикамбаев атындагы Дипломатиялык академиясында ""Эл аралык мамилелер"" багыты боюнча магистр даражасын алган.Эмгек жолун 1998-жылы Жалал-Абад облусунун Дене-тарбия жана спорт мамлекеттик институтунун филиалында дене тарбия мугалими болуп иштөө менен баштаган;2000-2007-жылдары жеке ишкер;2007 – жылдан 2010-жылга чейин - ""Элдик чындык""коомдук фондунун төрагасы;2010-2011-жылдары Кыргыз Республикасынын Соода жана өнөр – жай палатасынын Кытай Элдик Республикасындагы өкүлү;2011-2012 – жылдары Ош жана Жалал-Абад шаарларын калыбына келтирүү жана өнүктүрүү боюнча мамлекеттик дирекциянын башкы директорунун кеңешчиси;2015- жылы ""Өнүгүү-Прогресс"" партиясынан Кыргыз Республикасынын Жогорку Кеңешинин VI чакырылыштагы  депутаты болуп шайланган;2015 - жылдан 2021-жылдын июнь айына чейин- Кыргыз Республикасынын Жогорку Кеңешинин Социалдык маселелер, билим берүү, илим, маданият жана саламаттык сактоо боюнча комитетинин төрагасынын орун басары;2021 –жылдын июнь айынан тартып  Кыргыз Республикасынын Жогорку Кеңешинин Эл аралык иштер, коргоо жана коопсуздук боюнча комитетинин төрагасы.2021- жылы №13 Сузак бир мандаттуу шайлоо округунан  VII чакырылыштагы Кыргыз Республикасынын Жогорку Кеңешинин депутаты болуп шайланган. Жогорку Кеңештин Транспорт, коммуникациялар, архитектура жана курулуш боюнча комитетинин мүчөсү.Сыйлыктары:- Кыргыз Республикасынын Жаштар, эмгек жана иш менен камсыз кылуу министрлигинин диплому;- Кыргыз Республикасынын Билим берүү министрлигинин Ардак грамотасы;- Кыргыз Республикасынын Жогорку Кеңешинин Ардак грамотасы;- Кыргыз Республикасынын Өкмөтүнүн Ардак грамотасы,- Кыргыз Республикасынын Өкмөтүнө караштуу Жаштар иштери, дене тарбия жана спорт мамлекеттик агенттигинин Ардак грамотасы;- Сузак райондук билим берүү бөлүмүнүн Ардак грамотасы;- Сузак районунун «Ардактуу атуулу»;- Кызыл-Туу айыл өкмөтүнүн «Ардактуу атуулу»;- Кыргыз Республикасынын мамлекеттик жарандык кызматынын үчүнчү класстагы мамлекеттик кеңешчиси- Грек-рим күрөшү боюнча Кыргыз Республикасынын эл аралык класстагы спорт чебери.-Үй-бүлөлүү, беш баланын атасы.",https://kenesh.kg/uploads/deputies/432/images/1704700663236тазабек.jpeg,https://kenesh.kg/deputies/432
Акаев Жанарбек Кубанычович,"«Альянс» парламенттик фракциясы Конституциялык мыйзамдар, мамлекеттик түзүлүш, сот-укук маселелери жана Жогорку Кеңештин Регламенти боюнча комитети 0312 63-91-94 akaevj@gmail.com FacebookTwitter","1986-жылдын 13-декабрында Ош облусунун Алай районуна караштуу Кабылан-Көл айылында төрөлгөн.Билими жогорку. 2011-жылы Ош мамлекеттик университетин журналистика адистиги боюнча бүтүргөн.2008-2014-жылдары “Азаттык” радиосунун кыргыз кызматында эмгектенген.2015-жылы Кыргыз Республикасынын Президентинин пресс-катчысы.2015-жылдын 4-октябрында Кыргызстан социал-демократиялык партиясынын тизмеси боюнча VI чакырылыштагы Жогорку Кеңештин депутаты болуп шайланган. Жогорку Кеңештин Социалдык маселелер, билим берүү, илим, маданият жана саламаттык сактоо боюнча комитетинин мүчөсү.2015-2017-жж. - Жогорку Кеңештин Социалдык маселелер, билим берүү, илим, маданият жана саламаттык сактоо боюнча комитетинин Төрагасынын орун басары болуп иштеген.Үй-бүлөлүү. Учурда эки уулду тарбиялоодо.2011-ж. “Евразиянын алтын калеми” сыйлыгынын ээси.2014-ж. Мелис Эшимканов атындагы коомдук фонддун “Курч калем” сыйлыгын алган.",https://kenesh.kg/uploads/deputies/408/images/1704699496044060922105832_Жанар%20Акаев%20001%20(1).jpg,https://kenesh.kg/deputies/408
Исатбек кызы Аида ,«Ынтымак» парламенттик фракциясы Социалдык саясат боюнча комитети 0312- 63-85-06,"1991-жылы 16-мартта Жалал-Абад облусуна караштуу Тогуз-Торо  районунун Казарман айылында туулган.Жогорку билими бар. 2010-жылы Чүй университетинин юридикалык факультетине тапшырып юрист адистигине ээ болгон.2022-жылы Кыргыз Республикасынын Тышкы иштер министрлигинин алдындагы К.Дикамбаев атындагы Дипломатиялык академиянын эл аралык мамилелер факультетине тапшырып билим алып жатат.2014-2021-жылдары  «Нурс Мебель» ЖЧКсынын юрист-консультант,  башкы директору болуп иштеген.2021-жылы “Ынтымак” саясий партиясынан VII чакырылыштагы Кыргыз Республикасынын Жогорку Кеңешинин депутаты болуп шайланган.Азыркы учурда Социалдык саясат боюнча комитетинин төрайымынын орун басары болуп дайындалган.Көз карандысыз Мамлекеттердин Шериктештигине катышкан мамлекеттердин Парламенттер аралык Ассамблеясынын Кыргыз Республикасынын парламенттик делегациясынын мүчөсүҮй-бүлөлүү, эки баланын энеси.",https://kenesh.kg/uploads/deputies/434/images/1704700929651исатбек%20кызы.jpeg,https://kenesh.kg/deputies/434
Козуев Алишер Абибиллаевич,"«Ата-Журт Кыргызстан» парламенттик фракциясы Отун-энергетикалык комплекс, жер казынасын пайдалануу жана өнөр жай саясаты боюнча комитети 0312 63-85-43","1984-жылы Кыргыз Республикасынын Ош областынын, Кара-Суу районунун, Жоош айыл округуна караштуу Мамажан айылында педагогдун үй-бүлөсүндө туулган;1990-жылдан 2001-жылга чейин Мамажан айылындагы ата-энеси эмгектенген Т.Бердибеков атындагы №41 орто мектебинде билим алып, 2001-2006-жылдары Ош Мамлекеттик Университетинин Дүйнөлүк тилдер факультетинин “Чет тили жана адабияты” адистиги боюнча, 2011-жылы Ош Мамлекеттик Университетинин “Экономика жана ишканаларды башкаруу” багыты боюнча экономиканын бакалавры даражасын алып, 2020-2022-жылдары Кыргыз Республикасынын Президентине караштуу Жусуп Абдрахманов атындагы Мамлекеттик башкаруу Академиясынын “Мамлекеттик жана муниципалдык башкаруу” багыты боюнча билим алып, магистр квалификациясы ыйгарылган.Алгач эмгек ишмердигин айыл чарба багытында көп жылдар бою иш алып барган, тактап айтканда 2002-2011-жылдар арасы башкы инженер, андан соң агротехник катары “Самидин” дыйкан чарбасында эмгектенген;Экономика тармагында бакалавр даражасын алгандан соң,бул тармакта адистердин жетишсиздигин эске алганда, 2011-жылдан баштап 2017-жылга чейин “Самидин” дыйкан чарбасында экономист болуп эмгектенип, ошол жылдардын мыкты экономисти наамына татыган;2011-2017-жылдар арасы күйүүчү-майлоочу материалдарды чекене жана дүң сатуу жаатында ишкердик ишин алып барган;2017-2018-жылдары “РОССИЯ Нефть” ЖЧКсында аткаруучу директор, 2018-2020-жылдары директор, андан соң 2020-2021-жылдары башкы директор болуп эмгектенген;Үй-бүлөлүү,  2 уул, 3 кыздын атасы ",https://kenesh.kg/uploads/deputies/439/images/1704701106885козуев.jpeg,https://kenesh.kg/deputies/439
Кадырбеков Нуржигит Кадырбекович,"«Ыйман Нуру» парламенттик фракциясы Эл аралык иштер, коргоо, коопсуздук жана миграция боюнча комитети 0312 63-86-80 nurkadyrbek@gmail.com","1977 – жылы 31 – мартта Ош облусунун Кара – Кулжа районунда туулган;1994 – жылы Кара-Кулжанын 1-май айылындагы Алмаз Субанов атындагы орто мектепти алтын медаль менен аяктаган;1999 – жылы Ош МУнун юридикалык факультетин артыкчылык диплому менен бүтүрүп, юрист кесибине ээ болгон;2009 – жылы Япониянын КОБЭ университетиндеги магистратураны аяктап, саясат таанычуу же саясат илимдердин магистри илимий даражасына ээ болгон;1999 – 2005 – жылдары ОшМУнун окутуучусу (юридикалык жана кыргыз филологиясы факультетинде), юрист жана ректордун кенешчиси болуп иштеген;2005 – 2007 – жылдары тышкы иштер министрлигинин маалымат катчысы; 2009 – 2010 – жылдары Кыргыз Республикасынын Президентинин катчылыгында эксперт; 2012 – 2013-жылдары КР ТИМде башкармалыктын башчысы; 2013 – 2015-жылдары Кыргыз Республикасынын Президентинин Аппаратынын б­­өлүм башчысынын орун басары;2015 – 2019-жылдары «Ыйман» фондунун тө­­рагасы; 2019 – 2021-жылдары Кыргыз Республикасынын Маданият, маалымат жана туризм министринин орун басары, кийинчиреек министри болуп иштегем. 2021 – жылдын 29 – декабрынан баштап Кыргыз Республикасынын Жогорку Кенешинин депутаты;Сётокан карате боюнча Улуттук федерациянын президенти;Υй-бүлөлүү, үч кыздын атасы.",https://kenesh.kg/uploads/deputies/436/images/1704701014099nurjigit%20kadyrbekov.jpg,https://kenesh.kg/deputies/436
Култаева Гулшаркан Оконовна,"«Ата-Журт Кыргызстан» парламенттик фракциясы Транспорт, коммуникациялар, архитектура жана курулуш боюнча комитети
 0312 63-86-16","1972-жылдын 24-октябрында Жалал-Абад областынын Аксы районундагы Ак-Суу айылында туулган;Билими жогорку. 1993-жылы Ош Технологиялык техникумун токуу өндүрүшү боюнча техник адистиги боюнча бүтүргөн;2001-жылы Ош Технологиялык техникумун «Бухгалтердик эсеп жана аудит» адистиги боюнча бүтүргөн;Эмгек жолун 1989-жылы Ош шаарындагы №59 балдар бакчасынын тарбиячысынын ассистенти болуп баштаган;1990–2016-жылдары – жеке ишкер;2016–2021-жылдары – Ош шаарынын шаардык кеңешинин депутаты;2021-жылдын ноябрында ""Ата-Журт Кыргызстан"" саясий партиясынан VII чакырылыштагы Кыргыз Республикасынын Жогорку Кеңешинин депутаты болуп шайланган;Сыйлыктары:Туризмди өнүктүрүүгө кошкон салымы үчүн Ош облмамадминистрациясынын Грамотасы менен сыйланган, 2001-жылы;«Бизнес Шанс» конкурсунда «2001-жылдагы мыкты ишкер» наамы ыйгарылган, Кыргыз Республикасынын Өкмөтү, 2001-жылы;Кыргыз Республикасынын Туризм, спорт жана жаштар саясаты боюнча мамлекеттик комитетинин Грамотасы, 2003-жылы;Кыргыз Республикасынын Өкмөтүнө караштуу Мамлекеттик бажы кызматынын Грамотасы, 2011-жылы;Үй-бүлөлүү, кызы жана 3 уулу бар.",https://kenesh.kg/uploads/deputies/442/images/1704701205237гулшаркан.jpg,https://kenesh.kg/deputies/442
Мадумаров Адахан Кимсанбаевич,"«Бүтүн Кыргызстан» парламенттик фракциясы Эл аралык иштер, коргоо, коопсуздук жана миграция боюнча комитети 0312 63-88-58","1965-жылдын 9-мартында Ош областынын Өзгөн районунун Куршаб айылында төрөлгөн;1983-1985-жылдары Советтик Армиянын катарында Германияда кызмат кылган;1985-1987-жылдары Ош областынын Өзгөн районунун «Кайнар» совхозунда «Шумкар» комсомолдук курулуш бригадасын жетектеген;1987-1992-жылдары Тверь шаарындагы Тверь Мамлекеттик университетинин студенти. Адистиги – тарыхчы, тарых жана коом таануу окутуучусу;1999-жылы Кыргыз Мамлекеттик Улуттук университетинин юридикалык факультетин бүтүргөн.1992-жылы Кыргыз Республикасынын Илимдер Академиясынын «Түрк ааламы» гезитинин башкы редактору;1992-1995-жылдары Кыргыз Республикасынын Өкмөтүнүн алдындагы мамлекеттик телерадио агенттигинин башкы редакторунун орун басары, андан кийин башкы редактору болуп эмгектенген;1995-2000-жылдары Кыргыз Республикасынын Жогорку Кеңешинин мыйзам чыгаруу палатасынын I чакырылыштагы депутаты. Социалдык саясат, элди иш менен камсыз кылуу жана массалык маалымат каражаттары комитетинин төрагасы;2000-2005-жылдары Жогорку Кеңештин мыйзам чыгаруу палатасынын II  чакырылыштагы депутаты. Эмгек, социалдык саясат жана ардагерлер комитетинин төрагасы;2005-2006-жылдары Жогорку Кеңештин III чакырылыштагы депутаты;2006-жылы Кыргыз Республикасынын вице премьер-министри;2006-жылы «Бүтүн Кыргызстан» саясий партиясынын төрагасы;2006-2007-жылдары Кыргыз Республикасынын мамлекеттик катчысы;2007-2008-жылдары Кыргыз Республикасынын  Жогорку Кеңешинин IV чакырылыштагы депутаты. Кыргыз Республикасынын Жогорку Кеңешинин төрагасы.2008-2009-жылдары Кыргыз Республикасынын Коопсуздук кеңешинин катчысы;2013-2015-жылдары Түрк тилдүү мамлекеттердин кызматташтык кеңешинин Башкы катчысынын орун басары;2021-жылдын декабрь айынан бери Жогорку Кеңештин VII чакырылышынын депутаты, “Бүтүн Кыргызстан” парламенттик  фракциясынын лидери.Үй-бүлөлүү, үч баланын атасы.",https://kenesh.kg/uploads/deputies/445/images/1704701339558адахан.jpeg,https://kenesh.kg/deputies/445
Мамасадыков Замирбек Дүйшалыевич,"«Ыйман Нуру» парламенттик фракциясы Конституциялык мыйзамдар, мамлекеттик түзүлүш, сот-укук маселелери жана Жогорку Кеңештин Регламенти боюнча комитети 0312 63-85-29 z_mamasadykov@mail.ru Facebook","1981-жылы Таш - Көмүр шаарына  караштуу  Шамалды-Сай шаарчасында  туулган. Улуту кыргыз.Билими  жогорку. 2003-жылы  Жалал-Абад Коммерсиялык институтун экономист адистиги боюнча  бүтүргөн.2003-жылы “Азиз  КД” көп тармактуу өндүрүштүк айыл чарба кооперативинде иштеген;2007-жылы “Инэксимбанк” Жалал-Абад  филиалынын кредиттик бөлүмүнүн  эксперти;2008-жылы “БТА банк”  Шамалды- Сай № 42 сактык кассасынын жетекчиси;2013- жылы айылдык  кеңештин депутаты;2016-жылы экинчи жолу айылдык кеңештин депутаты;2013-жылдын 24- декабрынан Достук айыл  өкмөтүнүн жетекчиси, 2016-жылы экинчи  мөөнөткө  айыл өкмөтүнүн башчысы болуп шайланган;Үй бүлөлүү. 3 уул, 1 кызы бар.",https://kenesh.kg/uploads/deputies/488/images/1704703029868мамасадыков.jpg,https://kenesh.kg/deputies/488
